consensus,batch,tps,round_label,n_reps,throughput_mean,throughput_ci95_low,throughput_ci95_high,avg_latency_mean_ms,avg_latency_ci95_low_ms,avg_latency_ci95_high_ms,send_rate_mean,succ_total,fail_total,total_tx,fail_rate
Raft,10,150,retrieveEvidenceAndLog,5.0,77.14000000000001,71.0602431132816,83.21975688671843,36772.0,32010.578127686647,41533.42187231335,150.06,37946,7075,45021,0.15714888607538705
Raft,10,200,retrieveEvidenceAndLog,5.0,99.78,99.72448,99.83552,39910.0,39172.398464209844,40647.601535790156,199.98,18998,41015,60013,0.6834352556945995
Raft,10,150,submitEvidence,5.0,76.74000000000001,71.63216000000001,81.84784,36026.0,32051.144096003478,40000.85590399652,150.06,36903,8124,45027,0.1804250782863615
Raft,10,200,submitEvidence,5.0,99.78,99.72448,99.83552,38026.0,37058.34994907456,38993.65005092544,199.94,19743,40261,60004,0.6709719352043197
SmartBFT,10,150,retrieveEvidenceAndLog,5.0,74.82000000000001,74.71613159094316,74.92386840905685,39096.0,35508.353189164794,42683.646810835206,150.02,16466,28547,45013,0.6341945660142625
SmartBFT,10,200,retrieveEvidenceAndLog,5.0,96.82000000000001,95.24867610264467,98.39132389735535,21406.0,15953.109199148033,26858.890800851965,199.35999999999999,2756,57120,59876,0.953971541185116
SmartBFT,10,150,submitEvidence,5.0,74.79999999999998,74.7122151721537,74.88778482784626,40094.0,39317.18611118493,40870.81388881507,150.06,24783,20240,45023,0.4495480087955045
SmartBFT,10,200,submitEvidence,5.0,98.53999999999999,97.68168162923072,99.39831837076926,32608.0,28026.149979819944,37189.850020180056,200.04000000000002,5530,54493,60023,0.9078686503506989
